{
    "requestTime": 0,
    "data": {
        "resultDataType": 3,
        "value": {
            "0": {
                "BeforeLevelIds": [
                    0,
                    1
                ],
                "maxTotalBeforeFileSize(MB)": 146.53514289855957,
                "totalDeltaFileSize(MB)": -14241.008721351624,
                "maxDeltaFileSize(MB)": -0.1310291290283203,
                "maxCompactionCost(ms)": 31942,
                "compactionTimeByViceSegmentCount": {
                    "0": 54293,
                    "1": 5823350,
                    "2": 311991,
                    "3": 47683,
                    "4": 12865
                },
                "consumeMainSizeByViceSegmentCount": {
                    "0": 895.7610940933228,
                    "1": 17289.276412963867,
                    "2": 526.1469135284424,
                    "3": 19.933635711669922,
                    "4": 3.9670209884643555
                },
                "maxTotalBeforeFileNumber": 67,
                "AfterLevelId": 1,
                "totalBeforeFileSizes(MB)": [
                    18735.085077285767,
                    16080.323843955994
                ],
                "totalAfterFileNumber": 2235,
                "consumeViceSizeByViceSegmentCount": {
                    "0": 0,
                    "1": 15151.106504440308,
                    "2": 792.2827024459839,
                    "3": 111.17830562591553,
                    "4": 25.75633144378662
                },
                "totalCompactionCount": 1487,
                "totalCompactionCost(ms)": 6250182,
                "conclusion": {
                    "avgFileSize": {
                        "vice": 10.41471751551554,
                        "main": 1.6457383237250323
                    },
                    "avgFileConsume": {
                        "avgTotalViceCount": 1.0383322125084062,
                        "For compactions that used 0 vice segments": {
                            "avgMainCount": 14.068181818181818,
                            "avgCompactionTime": 1233,
                            "avgViceSize": 0,
                            "totalCompactionCount": 44,
                            "avgMainSize": 20.358206683939155
                        },
                        "For compactions that used 4 vice segments": {
                            "avgMainCount": 1,
                            "avgCompactionTime": 6432,
                            "avgViceSize": 12.87816572189331,
                            "totalCompactionCount": 2,
                            "avgMainSize": 1.9835104942321777
                        },
                        "For compactions that used 3 vice segments": {
                            "avgMainCount": 1.75,
                            "avgCompactionTime": 5960,
                            "avgViceSize": 13.897288203239441,
                            "totalCompactionCount": 8,
                            "avgMainSize": 2.4917044639587402
                        },
                        "avgTotalMainSize": 12.599250220098028,
                        "For compactions that used 2 vice segments": {
                            "avgMainCount": 4.0886075949367084,
                            "avgCompactionTime": 3949,
                            "avgViceSize": 10.028894967670682,
                            "totalCompactionCount": 79,
                            "avgMainSize": 6.660087513018258
                        },
                        "avgTotalMainCount": 7.655682582380632,
                        "For compactions that used 1 vice segments": {
                            "avgMainCount": 7.700147710487444,
                            "avgCompactionTime": 4300,
                            "avgViceSize": 11.189886635480287,
                            "totalCompactionCount": 1354,
                            "avgMainSize": 12.769037232617332
                        },
                        "ReadAmplificationRate": 0.8583000171934964,
                        "avgTotalViceSize": 10.813936680535301
                    }
                },
                "consumeMainCountByViceSegmentCount": {
                    "0": 619,
                    "1": 10426,
                    "2": 323,
                    "3": 14,
                    "4": 2
                },
                "minDeltaFileSize(MB)": -96.31879329681396,
                "totalBeforeFileNumbers": [
                    11384,
                    1544
                ],
                "totalAfterFileSize(MB)": 20574.400199890137,
                "compactionCountByViceSegmentCount": {
                    "0": 44,
                    "1": 1354,
                    "2": 79,
                    "3": 8,
                    "4": 2
                }
            },
            "1": {
                "BeforeLevelIds": [
                    1,
                    2
                ],
                "maxTotalBeforeFileSize(MB)": 165.10165691375732,
                "totalDeltaFileSize(MB)": 46.29378128051758,
                "maxDeltaFileSize(MB)": 1.2088651657104492,
                "maxCompactionCost(ms)": 88388,
                "compactionTimeByViceSegmentCount": {
                    "0": 170651,
                    "1": 97448,
                    "2": 628907,
                    "3": 593977,
                    "4": 491317,
                    "5": 552019,
                    "6": 676567,
                    "7": 677179,
                    "8": 495318,
                    "9": 369459
                },
                "consumeMainSizeByViceSegmentCount": {
                    "0": 722.3006811141968,
                    "1": 112.17979145050049,
                    "2": 992.5779705047607,
                    "3": 721.9059972763062,
                    "4": 416.14439868927,
                    "5": 409.3801574707031,
                    "6": 454.52157497406006,
                    "7": 349.92098808288574,
                    "8": 202.5923261642456,
                    "9": 119.23495960235596
                },
                "maxTotalBeforeFileNumber": 13,
                "AfterLevelId": 2,
                "totalBeforeFileSizes(MB)": [
                    4500.758845329285,
                    9063.789357185364
                ],
                "totalAfterFileNumber": 957,
                "consumeViceSizeByViceSegmentCount": {
                    "0": 0,
                    "1": 93.91650199890137,
                    "2": 1133.674425125122,
                    "3": 1458.6975317001343,
                    "4": 947.3341207504272,
                    "5": 1096.631817817688,
                    "6": 1271.3426370620728,
                    "7": 1290.0827713012695,
                    "8": 1023.0003538131714,
                    "9": 749.1091976165771
                },
                "totalCompactionCount": 207,
                "totalCompactionCost(ms)": 4752842,
                "conclusion": {
                    "avgFileSize": {
                        "vice": 14.008948001832092,
                        "main": 6.494601508411666
                    },
                    "avgFileConsume": {
                        "For compactions that used 9 vice segments": {
                            "avgMainCount": 2.5,
                            "avgCompactionTime": 61576,
                            "avgViceSize": 124.85153293609619,
                            "totalCompactionCount": 6,
                            "avgMainSize": 19.872493267059326
                        },
                        "For compactions that used 4 vice segments": {
                            "avgMainCount": 4,
                            "avgCompactionTime": 28901,
                            "avgViceSize": 55.72553651473101,
                            "totalCompactionCount": 17,
                            "avgMainSize": 24.479082275839414
                        },