{
    "requestTime": 0,
    "data": {
        "resultDataType": 3,
        "value": {
            "0": {
                "BeforeLevelIds": [
                    0,
                    1
                ],
                "maxTotalBeforeFileSize(MB)": 164.487548828125,
                "totalDeltaFileSize(MB)": -13271.731099128723,
                "maxDeltaFileSize(MB)": -0.022876739501953125,
                "maxCompactionCost(ms)": 35236,
                "compactionTimeByViceSegmentCount": {
                    "0": 71606,
                    "1": 5079851,
                    "2": 272166,
                    "3": 98361,
                    "4": 40101,
                    "5": 6555
                },
                "consumeMainSizeByViceSegmentCount": {
                    "0": 1010.8209943771362,
                    "1": 15677.076343536377,
                    "2": 468.9208583831787,
                    "3": 174.9297113418579,
                    "4": 133.02269077301025,
                    "5": 5.998874664306641
                },
                "maxTotalBeforeFileNumber": 102,
                "AfterLevelId": 1,
                "totalBeforeFileSizes(MB)": [
                    17470.769473075867,
                    13815.014693260193
                ],
                "totalAfterFileNumber": 1903,
                "consumeViceSizeByViceSegmentCount": {
                    "0": 0,
                    "1": 12762.564602851868,
                    "2": 754.7470760345459,
                    "3": 219.4231719970703,
                    "4": 60.90755367279053,
                    "5": 17.372288703918457
                },
                "totalCompactionCount": 1237,
                "totalCompactionCost(ms)": 5568640,
                "conclusion": {
                    "avgFileSize": {
                        "vice": 10.776142506443207,
                        "main": 1.6581975581886736
                    },
                    "avgFileConsume": {
                        "avgTotalViceCount": 1.036378334680679,
                        "For compactions that used 0 vice segments": {
                            "avgMainCount": 14.471698113207546,
                            "avgCompactionTime": 1351,
                            "avgViceSize": 0,
                            "totalCompactionCount": 53,
                            "avgMainSize": 19.072094233530873
                        },
                        "For compactions that used 4 vice segments": {
                            "avgMainCount": 22.333333333333332,
                            "avgCompactionTime": 13367,
                            "avgViceSize": 20.302517890930176,
                            "totalCompactionCount": 3,
                            "avgMainSize": 44.340896924336754
                        },
                        "For compactions that used 3 vice segments": {
                            "avgMainCount": 7.230769230769231,
                            "avgCompactionTime": 7566,
                            "avgViceSize": 16.87870553823618,
                            "totalCompactionCount": 13,
                            "avgMainSize": 13.456131641681377
                        },
                        "avgTotalMainSize": 14.12349997823433,
                        "For compactions that used 2 vice segments": {
                            "avgMainCount": 4.271186440677966,
                            "avgCompactionTime": 4612,
                            "avgViceSize": 12.792323322619422,
                            "totalCompactionCount": 59,
                            "avgMainSize": 7.947811159036927
                        },
                        "avgTotalMainCount": 8.517380759902991,
                        "For compactions that used 1 vice segments": {
                            "avgMainCount": 8.441335740072201,
                            "avgCompactionTime": 4584,
                            "avgViceSize": 11.518560110877138,
                            "totalCompactionCount": 1108,
                            "avgMainSize": 14.148985869617668
                        },
                        "ReadAmplificationRate": 0.7907502136382977,
                        "avgTotalViceSize": 11.168160625109289,
                        "For compactions that used 5 vice segments": {
                            "avgMainCount": 3,
                            "avgCompactionTime": 6555,
                            "avgViceSize": 17.372288703918457,
                            "totalCompactionCount": 1,
                            "avgMainSize": 5.998874664306641
                        }
                    }
                },
                "consumeMainCountByViceSegmentCount": {
                    "0": 767,
                    "1": 9353,
                    "2": 252,
                    "3": 94,
                    "4": 67,
                    "5": 3
                },
                "minDeltaFileSize(MB)": -106.80797290802002,
                "totalBeforeFileNumbers": [
                    10536,
                    1282
                ],
                "totalAfterFileSize(MB)": 18014.053067207336,
                "compactionCountByViceSegmentCount": {
                    "0": 53,
                    "1": 1108,
                    "2": 59,
                    "3": 13,
                    "4": 3,
                    "5": 1
                }
            },
            "1": {
                "BeforeLevelIds": [
                    1,
                    2
                ],
                "maxTotalBeforeFileSize(MB)": 169.36532878875732,
                "totalDeltaFileSize(MB)": 34.467074394226074,
                "maxDeltaFileSize(MB)": 0.9784040451049805,
                "maxCompactionCost(ms)": 93382,
                "compactionTimeByViceSegmentCount": {
                    "0": 46385,
                    "1": 188213,
                    "2": 407555,
                    "3": 464889,
                    "4": 601111,
                    "5": 494960,
                    "6": 567459,
                    "7": 798521,
                    "8": 584990,
                    "9": 168361
                },
                "consumeMainSizeByViceSegmentCount": {
                    "0": 206.44245052337646,
                    "1": 716.7720222473145,
                    "2": 674.9733629226685,
                    "3": 682.7438220977783,
                    "4": 538.5010480880737,
                    "5": 354.3565082550049,
                    "6": 356.06341075897217,
                    "7": 328.54267024993896,
                    "8": 262.55181407928467,
                    "9": 82.23770427703857
                },
                "maxTotalBeforeFileNumber": 13,
                "AfterLevelId": 2,
                "totalBeforeFileSizes(MB)": [
                    4203.184813499451,
                    8241.870552062988
                ],
                "totalAfterFileNumber": 887,
                "consumeViceSizeByViceSegmentCount": {
                    "0": 0,
                    "1": 94.49637699127197,
                    "2": 687.48375415802,
                    "3": 1232.4505701065063,
                    "4": 1198.3292045593262,
                    "5": 972.9421644210815,
                    "6": 1019.3511457443237,
                    "7": 1359.6041870117188,
                    "8": 1286.022087097168,
                    "9": 391.1910619735718
                },
                "totalCompactionCount": 194,
                "totalCompactionCost(ms)": 4322444,
                "conclusion": {
                    "avgFileSize": {
                        "vice": 13.73645092010498,
                        "main": 6.71435273721957
                    },
                    "avgFileConsume": {
                        "For compactions that used 9 vice segments": {
                            "avgMainCount": 4,
                            "avgCompactionTime": 56120,